{"cameraMode":{"drawMode":0,"name":"Shaded","section":"Shading Mode"},"sceneLighting":true,"audioPlay":false,"sceneViewState":{"m_AlwaysRefresh":false,"showFog":true,"showSkybox":true,"showFlares":true,"showImageEffects":true,"showParticleSystems":true,"showVisualEffectGraphs":true,"m_FxEnabled":true},"in2DMode":false,"pivot":{"x":58.57110595703125,"y":1.9532506465911866,"z":0.9716751575469971},"rotation":{"x":-0.14363977313041688,"y":0.047530222684144977,"z":-0.006885896902531385,"w":-0.9884426593780518},"size":1.5028754472732545,"orthographic":false}